Date,city,state,country,shape,duration (seconds),duration (hours/min),comments,date posted,latitude,longitude 
1/1/1986 03:00,crestwood,ky,us,oval,180,2-3 minutes,A faint beam of white light that seemed to come from a star or star-like object.,4/27/2004,38.3241667,-85.4725
1/15/1986 22:00,south yarmouth,ma,us,circle,7200,2+ hours,white&#44luminous&#44 circular object encircled with colored lights hovering above neighbors house for over 2 hours.,1/17/2004,41.6666667,-70.1852778
1/16/1986 09:10,lido beach,ny,us,circle,1200,20 minutes,The Object was above our car hovering.  We didn&#39t see it move towards us ...it was just there in an instance.,10/7/2003,40.5888889,-73.6258333
1/28/1986 13:00,clarkton,nc,us,cigar,7,7 seconds,Low flying&#44 large cigar shaped craft close-up view the day of the Challenger disaster in 1986.,11/21/2010,34.4872222,-78.6563889
1/29/1986 20:00,old fort,nc,,rectangle,120,2 minutes,Orange rectangle.,5/15/2013,35.629009,-82.18067
1/29/1986 21:30,victor,mt,us,circle,300,5 min,large light and expelled 2 smaller round lights&#442 sm descended to the ground the large moved slow over the barn and moved out into the,5/24/1999,46.4166667,-114.1491667
2/6/1986 02:05,van nuys,ca,us,cone,42000,7&#4400 min.,This was&#44 an-honest-to-goodness solid object&#44 not my imagination. Really&#33 I wish I had had my camera.,11/9/2002,34.1866667,-118.4480556
2/9/1986 23:00,kemayan (malaysia),,,unknown,60,1 minute,Sharp turning flying object with orange light in Malaysia. Year 1986 Feb 9th.,3/9/2004,3.139623,102.379101
2/15/1986 17:00,los gatos,ca,us,disk,600,10 minutes,Entering into dusk witnessed a small round object coming North from the South.  Object darted accross the sky and finally hovered about,1/28/1999,37.2266667,-121.9736111
2/15/1986 21:00,west palm beach,fl,us,triangle,14400,4 hour,UFO SIGHTING 1986,5/11/2005,26.7052778,-80.0366667
2/22/1986 21:00,portsmouth,va,us,other,60,1 minute,squarelike object with a light,1/11/2002,36.8352778,-76.2986111
2/28/1986 06:00,victor,mt,us,circle,480,8 min.,Just below the mountain top a light appeared. After a few seconds the light became larger slowly came east 15ft off the ground then cli,5/24/1999,46.4166667,-114.1491667
3/1/1986 16:00,birmingham (uk/england),,gb,other,120,a few minutes,One cube and one sphere (one red the other was black) over the Lickey Hills&#44  stayed equidistant as they travelled in the air.,3/13/2012,52.466667,-1.916667
3/4/1986 23:59,marbela (spain),,,sphere,480,8 mins,mijas costa spain sphere  8 mins 1986 four of us saw this object &#44a clear afternoon,10/30/2006,36.510071,-4.882447
3/10/1986 00:45,middle smithfield township,pa,,triangle,120,several minutes,While watching Letterman&#44 I heard and &quot;felt&quot; a low hum. I muted the TV&#44 and could still hear the sound.  I opened the sliding glass doo,3/16/2000,41.083575,-75.084476
3/13/1986 18:00,auckland (new zealand),,,circle,300,5 mins,Strange glowing Orb hovering in front of 12 year old boy&#33&#33,2/18/2001,-36.84846,174.763332
3/15/1986 00:00,delray beach,fl,us,disk,900,15 minutes,Saucer with white gassy bottom approaches beachgoers at night and zips in&#44 and zips away...silently.,5/29/2011,26.4611111,-80.0730556
3/15/1986 10:30,st. petersburg,fl,us,,600,10 min,I seen a being made of light in 1986&#44and never knew what it was.,10/2/1999,27.7705556,-82.6794444
3/15/1986 15:40,midway,ga,us,light,2,2 seconds,Blue light in clear sky with unbelievable speed,10/8/2007,31.8055556,-81.4308333
3/25/1986 07:45,los angeles,ca,us,triangle,180,3 minutes,Stationary black triangle over LAX area during crowded morning traffic on highway 405&#44 Los Angles,7/5/2008,34.0522222,-118.2427778
3/29/1986 19:30,alamo,nv,us,rectangle,720,10-12min,trapazoid object with cluster of smaller lights following in the same direction,1/21/2008,37.3650000,-115.1636111
4/1/1986 02:00,blacktown (suburb) (australia),,au,triangle,4,2-4 seconds,STRANGE TRIANGLE WITH LIGHT TRAVELLING AT FAST SPEED LOW ALTITUDE AND NO SOUND,12/16/2005,-33.766667,150.916667
4/1/1986 14:30,chicago,il,us,sphere,10,10 seconds,SOCCER-SIZED CRYTAL-LIKE SPIKED BALL&#44 Easily Missed If One Is Not Looking Directly At It.,2/1/2007,41.8500000,-87.65
4/1/1986 21:00,tikva (near) (israel),,,triangle,300,about 5 minutes,triangular craft with red pulsating triangle of lights - seen in Israel,6/12/2007,43.933056,17.784167
4/1/1986 22:00,red lodge (6 mi n; hwy 212),mt,us,unknown,90,1.5 min,Definitely an aircraft but totally silent and very slow.,1/11/2002,45.1858333,-109.2461111
4/1/1986 22:15,brownsville,tx,us,disk,1200,10 to 20 minutes,UFO tries to communicate,3/19/2002,25.9013889,-97.4972222
4/10/1986 12:00,palm springs (outside of),ca,us,disk,900,fifteen minutes,Lost four to five hours,2/18/2001,33.8302778,-116.5444444
4/11/1986 04:00,aswan (egypt),,,disk,3600,1 hour,Sky show of approximately 30 ufos &#39cavorting&#39for 1 hour over Nile river at Aswan&#44Egypt.,6/2/1998,24.088938,32.899829
4/12/1986 13:00,oak lawn,il,us,other,1200,20 minutes,A silent motion drone craft appeared in my house.  It was similar to a top and the color was similar to amber .,5/2/2003,41.7108333,-87.7580556
4/15/1986 00:30,julian (near; bordering cuyamaca forest state preserve),ca,us,other,420,app.4 1/2 hrs.,My husband and I experienced 2 glowing orbs (1 red at one end 1 blue at the other with us in the middle) approximately 50-100 yards apa,4/2/1999,33.0786111,-116.6011111
4/15/1986 15:00,lubbock,tx,us,other,300,5 minutes,2ft Square &#44 5 Sided Black Box,5/11/2005,33.5777778,-101.8547222
4/15/1986 17:00,hayward,ca,us,disk,600,10 minutes,Father in-law was outside smoking. He observed something in the sky&#44 he then called out for us to come out and tell him what he was see,4/18/2012,37.6688889,-122.0797222
4/15/1986 21:50,lafayette,la,us,light,60,1 minute,A sighting of four bright objects seen performing unusual maneuvers with no apparent change in speed.,9/17/2000,30.2238889,-92.0197222
4/30/1986 23:00,kleinmachnow/berlin (germany),,,cylinder,600,10 min.,Ich wurde beim Fernsehen gest&ouml;rt&#44als pl&ouml;tzlich ein grelles Licht in mein Zimmer schien&#44meine Tochter und rannten nach draussen... WIr s,12/19/2003,52.407927,13.222711
5/1/1986 19:00,bensalem,pa,us,formation,7200,2 hours,3 &quot;stars&quot; over bensalem spun away,10/31/2008,40.1044444,-74.9516667
5/1/1986 21:00,vine grove,ky,us,oval,5400,1.5hrs,My mother brother and friend were in the back yard looking around at the sky&#44 why&#44 at that point I had no Idea they told me they (broth,7/15/2005,37.8100000,-85.9813889
5/4/1986 12:30,fortuna,ca,,triangle,2,a few seconds,It was a triangle three thrusters under it with lighting like going through the ship,1/29/2002,40.598187,-124.157276
5/10/1986 21:30,crab orchard,ky,us,light,900,15 minutes,A ufo hovered in the sky for about 15 minutes. It shot down a blue beam of light.,1/22/2000,37.4644444,-84.5066667
5/12/1986 20:45,dade city (near),fl,us,triangle,240,04 minutes,While camping in the late 80&#39s we had several encounters with a silent triangular object 300-400ft above our camp site,7/5/2005,28.3644444,-82.1961111
5/15/1986 02:00,midwest city,ok,us,unknown,180,approx. 3 minutes,This object was seen at night hovering over a building at a local Air Force Base in Oklahoma,3/17/2004,35.4494444,-97.3963889
5/15/1986 08:00,jefferson,co,us,sphere,10800,2-3 hrs,saw a bright red sphere moving slowly from west to east on the north of our campsite.,9/13/2002,39.3772222,-105.8
5/15/1986 17:40,new york city (manhattan),ny,us,chevron,2400,40 mins,Metallic UFO over Upper Manhattan,10/20/2005,40.7141667,-74.0063889
5/15/1986 21:00,liverpool (uk/england),,gb,rectangle,15,15 seconds,Rectangular&#44 silent craft gliding over houses about 100 feet up.,6/12/2008,53.416667,-3.0
5/15/1986 22:00,tompkinsville,ky,us,triangle,20,20 seconds,Large L-shaped or triangle object&#44 no lights&#44passed low overhead&#44 no sound. Structure underneath.,2/16/2000,36.7022222,-85.6916667
5/18/1986 20:30,trimmer,ca,us,changing,600,approx.10 mins.,The craft floated along the hills above the homes&#44 as tho taking a leisurely cruise against the mountainside...,9/2/2005,36.9050000,-119.2952778
6/1/1986 01:00,euclid,oh,us,other,1200,20 mins,Unknown craft on the waters at Lake Erie,7/26/2002,41.5930556,-81.5269444
6/1/1986 02:00,atlanta,ga,us,sphere,120,2 minutes,Awakened by a orange glowing sphere floating in my bedroom in 1986.,6/21/2000,33.7488889,-84.3880556
6/1/1986 03:00,schertz,tx,us,oval,1200,20min approx.,A large round object hovered over my house very late at night&#44 with lights all around it&#44 that faded as I looked.,2/22/2002,29.5519444,-98.2694444
6/1/1986 05:00,plainview,tx,us,egg,300,5 min.,seeing an egg shape object in the daylight sky,6/18/2004,34.1847222,-101.7063889
6/1/1986 16:00,redcliffe (australia),,au,other,120,2 minutes,It was late afternoon and I was about to set up for fishing on the beach it was completely blue sky no clouds I looked out towards More,8/7/2007,-27.233333,153.116667
6/1/1986 19:00,greenbelt,md,us,unknown,600,> 10 mins,Low&#44 slow moving craft over NASA Goddard Space Flight Center,5/11/2005,39.0044444,-76.8758333
6/1/1986 19:00,new york city (brooklyn),ny,us,triangle,180,3min.,looking at night sky  a large spaceship the size of football field passed overhead humming . A chill ran through me.,1/3/2001,40.7141667,-74.0063889
6/1/1986 19:00,flint,mi,us,unknown,600,10 minutes,Meteor shower? Sonic boom? I don&#39t know...,3/4/2008,43.0125000,-83.6875
6/1/1986 20:00,port isable,tx,,circle,300,5 minuets,THIS VERY TURE,11/28/2007,26.073412,-97.208584
6/1/1986 22:00,milpitas,ca,us,light,45,30-45 seconds,A strange light in the sky appeared to &quot;warp&quot; out of sight.,5/15/2006,37.4283333,-121.9055556
6/1/1986 22:00,tawas city,mi,us,triangle,3600,1 hour plus,Triangle craft with moving white light during meteor shower.,2/14/2010,44.2694444,-83.5147222
6/1/1986 23:00,new orleans,la,us,light,30,30 sec,two lights circling each other in the night time sky then shooting away from each other in new orleans louisiana.,3/11/2006,29.9544444,-90.075
6/1/1986 23:00,memphis,tn,us,triangle,120,1-2 minutea,Three lights in a triangular formation.,2/14/2008,35.1494444,-90.0488889
6/1/1986 23:00,jay,fl,us,,1800,30min&#39s,my daughter was born with an in-opertable brain tumor&#44 we were visited late one night by three cloaked beings&#44 when they entered our ro,9/12/2003,30.9527778,-87.1513889
6/1/1986 23:59,south windsor,ct,us,circle,25,25 seconds,My brother and I were on top of our employer&#39s building when i noticed a sphericle white light roughly 10 to 50 miles away. I thought i,8/5/2001,41.8488889,-72.5722222
6/1/1986 23:59,adak,ak,us,light,180,3 min,I just watched a show on tv on the history channel. There was an event where an Japanese airliner reported an ufo sighting south of the,10/31/2008,51.8800000,-176.6580556
6/2/1986 18:00,wiltshire (uk/england),,gb,disk,3600,1 hour,Close Encounter With Three Disc Craft&#44 February 1986,10/20/2005,51.25,-1.916667
6/6/1986 13:00,toronto (canada),on,ca,cigar,120,2 minutes,White glowing Cigar shapped object (not moving).,2/14/2008,43.666667,-79.416667
6/6/1986 16:30,st. louis,mo,us,unknown,180,2-3minutes,As I looked out from our DC-9 window I saw a huge aircraft.It had rows and rows of brightly lit windows.,2/14/2006,38.6272222,-90.1977778
6/7/1986 19:00,panama city,fl,us,other,30,30 seconds,3 transparent Delta-wing shaped obects flying in formation over the Gulf of Mexico in 1986,6/12/2007,30.1586111,-85.6602778
6/7/1986 22:00,conroe,tx,us,disk,300,5 minutes,3 lights - red&#44 yellow&#44 and blue ufo seen in Conroe&#44 TX,1/21/2008,30.3116667,-95.4558333
6/9/1986 16:00,louisville,ky,us,cigar,120,1 or 2 minutes,Daylight Cigar shaped UFO sighting&#44 with Witness&#33,7/16/2006,38.2541667,-85.7594444
6/10/1986 21:00,severn,md,us,triangle,120,2 mins,myself and another person witnessd what appeared to be a glowing boomerang fly directly overhead of us with no sound or lights.,2/27/2000,39.1369444,-76.6986111
6/14/1986 18:30,colorado springs,co,us,sphere,120,2minutes,Sphere light UFO seen near Pulpit Rock&#44 CO.,7/5/2005,38.8338889,-104.8208333
6/14/1986 19:00,allegan,mi,us,other,300,5 minutes,pure white orb with tubular tail hovered over allegan dam,3/31/2008,42.5291667,-85.8552778
6/14/1986 20:00,new rochelle,ny,us,triangle,300,5 min,triangular shaped craft with 3 white lights and on red blinking light,8/12/2008,40.9113889,-73.7827778
6/15/1986 00:00,fairdale,wv,us,,45,45 seconds,very bright changing color lights coming from window,3/19/2002,37.7813889,-81.3633333
6/15/1986 03:00,gary,in,us,other,30,30secs,I Saw An Alien Face To Face,3/21/2003,41.5933333,-87.3463889
6/15/1986 11:00,merritt (near; rural) (canada),bc,ca,unknown,20,20 seconds,Silvery dot makes two fast jumps before disappearing behind mountains.,10/11/2005,50.116667,-120.783333
6/15/1986 12:30,oxford (uk/england),,gb,sphere,20,20 seconds,A Sphere in the sky that disappeared in a matter of seconds the size of the Moon,5/15/2006,51.75,-1.25
6/15/1986 13:00,chilton,wi,us,triangle,1200,20 minutes,It was exactly the shape of a boomerang with small towers at each end and one larger in the middle.  It flew very slowly and rotated.,7/1/2002,44.0288889,-88.1627778
6/15/1986 16:00,milan,oh,us,disk,180,3 minutes,Perfect formation of discs shoots off to West,7/16/2006,41.2975000,-82.6055556
6/15/1986 19:00,chard town&#44 somerset,,,formation,7200,2 hours,Lights scanning our town,3/19/2002,50.869792,-2.963316
6/15/1986 21:00,princeton,sc,us,other,900,12to 15 min,CLOSE 100FT UFO VISIT,10/12/2001,34.4969444,-82.2872222
6/15/1986 22:30,ontario,ca,us,other,1200,20 min.,I seen a real           off the 10 freeway  in ontario,1/11/2002,34.0633333,-117.65
6/15/1986 23:30,gary,in,us,unknown,120,1 or2 minutes,A lime green light throughout the whole house and the air stone surged with power throwing water 2 feet in the air.,3/19/2002,41.5933333,-87.3463889
6/20/1986 17:30,tucson,az,us,fireball,180,3 minutes,SLOW-MOVING FIREBALL REPORTED SEEN IN TUCSON&#44 ARIZONA IN BROAD DAYLIGHT,12/23/2002,32.2216667,-110.9258333
6/20/1986 23:30,teller,ak,us,oval,900,15 min.,Oval shaped craft with red green and white lights with windows&#44that had a grayish beam coming down- us,8/28/2002,65.2636111,-166.3608333
6/21/1986 00:00,kentucy lake  area (over),ky,,triangle,120,2.min,Flying at extreme alt and speed a shock wave could be seen from the light glow from the serface of the craft and v shape out line of th,4/26/1999,36.925331,-84.949636
6/25/1986 03:15,shelton,wa,us,circle,60,one hour,Gigantic Kingdome shaped craft with orb over front yard,2/18/2011,47.2152778,-123.0994444
6/29/1986 01:30,tampa,fl,us,light,17,17 sec.,i was looking up at 12 oclock&#44 with  city light polution around&#44 saw star sized lite going s. for aprox. 7 sec. 90 to lft. 3sec. n. 4se,4/26/1999,27.9472222,-82.4586111
6/30/1986 01:00,county cork (republic of ireland),,,light,10,5-10seconds,Green ball of light &#44 it moved at incredable speed.,7/16/2006,51.896892,-8.486316
6/30/1986 12:00,jonesboro,ar,us,disk,30,30 sec,disk shape ufo up close I saw every detail of the ship,12/12/2009,35.8422222,-90.7041667
6/30/1986 14:00,seattle,wa,us,other,300,5 min.,I saw a black&#44 worm-like&#44flying object similar to that reported 10/8.  The wx was clear and sunny and the wind was northerly. I was in,12/2/2000,47.6063889,-122.3308333
7/1/1986 16:00,glidden,ia,us,disk,60,1 minute,Silver disk motionless in the sky.,10/15/2002,42.0569444,-94.7286111
7/1/1986 17:00,halandri (near athens) (greece),,,cylinder,120,1 1/2 mins,250 foot silver cylinder,6/2/1998,38.021331,23.79863
7/1/1986 19:00,nevada city,ca,us,disk,900,15 minutes,4 saucers follow cars then hover above Yuba River in Nevada City. Flashing circle of lights that hum under craft.,11/28/2007,39.2616667,-121.015
7/2/1986 20:00,fairfield,ia,us,cigar,120,2 minutes,I was pastor of a rural church. One of the members of the congregation and I were leaving a Bible study when we noticed a strange cigar,5/12/2009,41.0086111,-91.9625
7/4/1986 22:00,louisville,ky,us,circle,120,1-2 min,very loud sound &#44round shape object in Louisville&#44Ky  Southend,8/7/2007,38.2541667,-85.7594444
7/4/1986 23:30,lincoln,ne,us,light,180,3 minutes,UFOs amused by July 4th fireworks over Lincoln&#44 NE?,5/11/2005,40.8000000,-96.6666667
7/5/1986 01:15,coventry (uk/england),,gb,triangle,180,3mins,ORANGE TRIANGLE ACCROSS SKY AT NIGHT,8/16/2002,52.416667,-1.55
7/5/1986 21:00,bayside,ny,us,diamond,300,5min.,Dimond shape&#44 with what appeared to be a ball located in the center of the ships underbelly.,11/4/2002,40.7683333,-73.7775
7/13/1986 17:00,waynesburg (outside of),pa,us,diamond,600,10 min.,3 orange discs witnessed by 4 people in Greene County&#44 western Pa. in the summer of 1986,6/12/2008,39.8963889,-80.1794444
7/13/1986 18:00,phoenix,az,us,fireball,1200,20mins,one fireball in the sky then 3 black shapes come from the fireball and floted and three more black shapes come from fireball some moved,5/15/2006,33.4483333,-112.0733333
7/15/1986 03:00,chicago,il,us,oval,10,10 seconds,1986 saucer with white lights  over chicago downtown disappears after 10 seconds,5/11/2005,41.8500000,-87.65
7/15/1986 07:30,las vegas,nm,us,changing,180,around 2-3 minutes,luminous object hangs in air&#44 disappears rapidly in the distance,8/28/2003,35.5938889,-105.2233333
7/15/1986 11:00,lake elsinore,ca,us,disk,300,5min.,craft sighted over elsinore with multi-lights and no sound,10/15/2002,33.6680556,-117.3263889
7/15/1986 19:30,albuquerque,nm,us,chevron,300,5 min.,My friend and I were relaxing in a park during the summer of 1986 not far from a friends house where we had left about a half hour earl,10/30/2006,35.0844444,-106.6505556
7/15/1986 21:00,smith,ky,us,unknown,30,30 seconds,Two sets of 3 red lights (arranged like a triangle) apparently belonging to 2 objects. They came close together then flew away in diffe,1/28/1999,36.7358333,-83.2594444
7/15/1986 21:30,elmvale (canada),on,ca,light,1200,20 min.,Flew with purpose as if it were pre-programmed,10/8/2007,44.583333,-79.866667
7/15/1986 22:00,east sparta,oh,us,other,300,5 minutes,Large low flying craft with clear bottom,6/9/2009,40.6672222,-81.355
7/20/1986 01:00,tucson,az,us,light,900,15mins,Lights and beems over AZ desert,1/17/2004,32.2216667,-110.9258333
7/20/1986 03:30,san marcos,tx,us,rectangle,600,10 min,Was looking at all kinds of sites that came up on the Yahoo web site.  It talked about how people are looking at UFO sites.  It reminde,7/5/2005,29.8830556,-97.9411111
7/20/1986 23:30,new haven,ct,us,triangle,600,10 minutes,&quot;Black Triangle&quot; spotted in CT back in mid-eighties,9/9/2004,41.3080556,-72.9286111
7/23/1986 19:00,apple valley,ca,us,triangle,1200,:20 min,Three bright lights moving in a triangular pattern and then seperating,8/21/2011,34.5008333,-117.185
7/30/1986 16:00,austin,tx,us,oval,240,3-4 minutes,In broad daylight almost cloudless afternoon a large fat oval &quot;craft&quot; instantly appeared and disappeared from less than 1000 ft from my,8/7/2011,30.2669444,-97.7427778
7/31/1986 21:00,kingwood,tx,,diamond,60,1 minute,White&#44 diamond-shaped craft with military escort,5/15/2006,30.057536,-95.190299
8/1/1986 00:00,page,az,us,sphere,600,10 minutes,My Micro soft word is not responding and I do not know how to copy and paste. The year was 1986.  It was August. I was in Page&#44 Ari,12/12/2011,36.9086111,-111.4727778
8/1/1986 15:00,lubbock (outside city limits),tx,us,rectangle,900,15 min,A BLACK 5 SIDED BOX 2FT SQUARE. FLOATED FROM A FARM HOUSE JUST OVER POWERLINES AND THEN BACK UNDER TO RESUME CORSE AND SLOW;Y FLOAT UP,7/5/1999,33.5777778,-101.8547222
8/1/1986 20:00,marcellus,mi,us,triangle,120,2 min.,Aloha  I am not the person who saw this craft&#44 my brother did.He was coming home from work near dusk on the same day the folks saw,5/15/2006,42.0258333,-85.8155556
8/1/1986 22:00,jamestown,oh,us,triangle,300,5 minutes,It was silent&#44this is all true.,2/22/2002,39.6580556,-83.735
8/1/1986 22:30,bankson lake/lawton,mi,,triangle,900,15 minutes,Flashing light from silent hovering triangle over Bankson Lake causes wittnesses eyes to burn and water for days after sighting.,6/4/2004,42.118831,-85.798695
8/1/1986 23:59,lawton (bankson lake),mi,us,diamond,3600,1 hour,giant craft move slowly over lake It suddenly flashed brightly and went out. There was a wavy pattern behind it./eyes burned and watery,6/4/2004,42.1672222,-85.8469444
8/2/1986 23:00,tuolumne,ca,us,disk,21600.0,6 hrs,Disk shaped&#44 red lights circling the outside&#44 flying on the treeline in the high country in the Sierra Nevada,5/11/2005,37.9608333,-120.2363889
8/4/1986 23:59,harrisonburg,la,us,,300.0,5 min.,Woman repts. witnessing dramatic disturbance in local reservoir caused by large &quot;falling&quot; object.  Other witnesses in LA&#44 NC (?).,11/2/1999,31.7719444,-91.8213889
8/6/1986 02:00,hutchinson,ks,us,triangle,2700.0,45 min,was taking a walk late at night and looked up in the sky and seen the strangest thing,4/1/2000,38.0608333,-97.9294444
8/8/1986 01:30,girard,oh,us,fireball,90.0,1min 30 seconds,Two Fiery Orbs Flown Over The House Tops From South to North,9/24/2012,41.1538889,-80.7016667
8/11/1986 19:00,cluj (romania),,,formation,3600,hours,Complex story/encounter - barnea cluj&#44 15 years later&#8230;,8/30/2013,46.766667,23.583333
8/13/1986 23:00,russells point,oh,us,triangle,1200.0,20 min,Triangle shaped 4 lights on bottom&#44 made no sound&#44 and moved really fast. 500 Lights On Object0: Yes,3/8/2007,40.4711111,-83.8927778
8/14/1986 11:55,inez,ky,us,chevron,120.0,2:00 minutes,IF USAF HAS IT THEY HAVENT TOLD NO ONE &#33,9/24/2003,37.8663889,-82.5388889
8/15/1986 11:30,rawalpindi/islamabad (pakistan),,,chevron,900.0,15 mins,They were all above eachother like a formation. one above another one.  satationary for about 15m. Then moved slowly and then in seccon,6/23/1999,33.729388,73.093146
8/15/1986 13:30,ogden,ut,us,cigar,900.0,15 minutes,Early afternoon siting of cigar shapped object&#44 August 1986&#44 Pineview Reservour&#44 Ogden Utah,12/14/2004,41.2230556,-111.9730556
8/15/1986 18:00,spokane,wa,us,triangle,300.0,5 minutes,Triangular Craft on Dishman Mica Road - Spokane&#44 WA,7/4/2012,47.6588889,-117.425
8/15/1986 21:00,banff national park (alberta&#44 canada),ab,,diamond,10.0,10 seconds,LARGE Black Diamond shaped craft with three rotating lights on extended arms,12/20/2000,51.496846,-115.928056
8/15/1986 22:00,seattle,wa,us,disk,60.0,1 minute,Disk with 7 red lights moving like a wheel,7/16/2006,47.6063889,-122.3308333
8/15/1986 23:25,newberg,or,us,triangle,1800.0,30 min,tranguler sighting on the west coast &#44 lights &#44 fast moving at times and chased by the airforce,2/5/2003,45.3002778,-122.9719444
8/15/1986 23:55,decatur,in,us,sphere,30.0,30 seconds,white lighted ball shape ufo hovering slowly above tree tops&#44 no sound,5/27/2003,40.8305556,-84.9291667
8/16/1986 21:00,del rio,tx,us,triangle,20.0,20 seconds,V-shaped object in Del Rio Texas,10/8/2007,29.3625,-100.8963889
8/20/1986 00:30,myrtle beach,sc,us,sphere,180.0,3 mins,7 Colored Balls of Light seen north of beach acess at 82nd Ave N. in Myrtle Beach&#44SC  Aug 1986,10/27/2004,33.6888889,-78.8869444
8/20/1986 02:00,anchorage,ak,us,disk,3.0,3 seconds,Three black saucer-shaped objects quickly take off from the woods.,6/4/2004,61.2180556,-149.9002778
8/20/1986 22:00,eldon (near; rural),mo,us,other,8.0,5 to 8 seconds,Three red lights. Triangle looking satelite maybe.Moved at speed of light or close to it.,1/24/2012,38.3483333,-92.5813889
8/24/1986 00:00,danville,va,us,triangle,10.0,10 seconds,I had just left work and was visiting friend&#44 while approaching their condo i was walking up steep hill >(leaning forward)&#44 bright ligh,10/30/2006,36.5858333,-79.3952778
9/1/1986 00:00,maysville,ga,us,triangle,300.0,about 5 minutes,Triangle shaped ship over Georgia in the 1980&#39s.,6/12/2007,34.2527778,-83.5616667
9/1/1986 15:00,oak harbor,wa,us,other,15.0,15 seconds,Possible military test craft in Oak Harbor&#44 Washington.,10/8/2007,48.2933333,-122.6419444
9/1/1986 19:00,santiago,,,light,30.0,30 seconds,Circle in the sky&#44 Santiago Chile&#44 19-20 hrs. 2 -3 days before Atlantis was Launched&#44 86&#39&#4487&#39 not sure.,8/7/2007,-33.46912,-70.641997
9/1/1986 20:00,virginia beach,va,us,unknown,300.0,5 min,Two creatures or aliens in Bay Colony&#44 no UFO.,8/21/2011,36.8527778,-75.9783333
9/11/1986 22:00,calypso,nc,us,sphere,120.0,1-2 minutes,UFO of spherical red and yellow lights hovers over family leaving them with no memory of incident,5/11/2005,35.1536111,-78.1055556
9/15/1986 03:00,new york city (brooklyn),ny,us,sphere,1500.0,25 minutes,A clear bright starry night. Very nice indeed with great air quality that night.I was on duty and doing guard. The premises are outdoor,4/17/2008,40.7141667,-74.0063889
9/15/1986 20:00,tyler,tx,us,other,10.0,10 seconds,Large ship with no sound and no lights passing over my apt complex,3/19/2002,32.3511111,-95.3008333
9/15/1986 22:00,calypso,nc,us,other,300.0,appox. 5 min,In 1986 NC&#44 a red and yellow glowing object appears to mother&#44 son&#44 and daughter leaving them without memory of it,8/12/2001,35.1536111,-78.1055556
9/15/1986 22:30,redding,ca,us,cigar,60.0,1 minute,In September 1986 I was working for the National Park Service at the Whiskeytown National Recreation Area just west of Redding&#44 CA.  I,8/5/2012,40.5866667,-122.3905556
9/15/1986 22:30,wingdale,ny,us,other,1200.0,20 minutes +,First obect traveling at high speed&#44 second object stationary on mountain top observed for several minutes,2/1/2007,41.6469444,-73.5686111
9/16/1986 18:00,new ellington,sc,,other,90.0,90 seconds,While driving near a nuclear plant in South Carolina&#44 my wife and i spotted a wingless&#44 oblong shaped aircraft.,7/1/2002,34.9814,-81.034083
9/18/1986 16:00,owensboro,ky,us,cylinder,180.0,approx 3 minutes,&quot;Baton-shaped&quot; object moving end-over-end in clear afternoon sky.,9/17/2000,37.7741667,-87.1133333
9/18/1986 20:30,colts neck,nj,us,fireball,1800.0,30 minutes,ET Sighting in Colts Neck NJ 1986&#44 shooting objects across  the sky.,10/30/2006,40.2875,-74.1727778
9/19/1986 19:00,portsmouth,va,us,unknown,600.0,10 minutes,A trail of smoke,1/11/2002,36.8352778,-76.2986111
9/20/1986 23:50,tucson,az,us,unknown,20.0,10-20 sec,Paired blue halos ascend rapidly and silently.,11/20/2001,32.2216667,-110.9258333
9/21/1986 06:30,jasper,ga,us,triangle,60.0,about a minute or two,09/21/1986&#44 Jasper&#44 GA&#44 triangular shape&#44 a minute or two of duration&#44 3 feet above ground hovering,8/24/2010,34.4677778,-84.4291667
9/22/1986 16:00,fredericksburg,va,us,triangle,180.0,3 minutes,I saw 4 orange non flashing glowing lights in a traingle formation.,9/30/2013,38.3030556,-77.4608333
10/1/1986 01:00,klamath falls,or,us,circle,2700,45 minutes,BRIGHT OBJECT DROPPING &quot;FIRECRACKERS&quot; FROM IT - IT SEEMED TO KNOW I COULD SEE IT - VANISHED IN A TYPE OF EXPLOSION,4/27/2004,42.2250000,-121.7805556
10/1/1986 22:00,wheeling,wv,us,light,10,10 seconds,Missing time after seeing something that looked like the Northern lights.,1/11/2002,40.0638889,-80.7211111
10/1/1986 22:00,n. ridgeville,oh,,triangle,300,5 minutes,Black triangular craft with green lights hovering over the tree tops,12/16/2005,41.389491,-82.019032
10/3/1986 21:00,cresson,pa,us,disk,120,2:00,A UFO followed our car&#33,2/1/2007,40.4597222,-78.5919444
10/6/1986 00:20,janico (santiago) (dominican republic),,,circle,120,2 mins,The craft stood directly above the center of the town&#44 the most vivid assortment of lights.  In the blink of an eye&#44 it dissappeared&#44 l,9/13/2002,19.325936,-70.816455
10/10/1986 20:00,holmes/pawling,ny,,chevron,180,3 minutes,Football Field Sized Chevron with bright white lights on front&#44 moving slowly with absolutely no sound,10/8/2007,41.523427,-73.646795
10/11/1986 20:30,alice springs  (nt&#44 australia),,au,,20,20 seconds,Being  of light reported&#44Jesus or another messenger&#33,1/19/2005,-23.697479,133.883621
10/14/1986 20:30,san jose,ca,us,light,120,2 minutes,Red&#44 green and gold light amazes multiple witnesses over Santa Clara Valley,6/18/2003,37.3394444,-121.8938889
10/15/1986 02:00,orangeburg,sc,us,cylinder,10800,2-3 hours,Orangeburg&#44 S.C. to Augusta&#44 GA. - fall 1986 - lights following car - multiple witnessess.   Radio request for sighters,11/21/2010,33.4916667,-80.8558333
10/15/1986 02:30,salem,or,us,cigar,1500,25 minutes,Very Close Encounter.,1/11/2002,44.9430556,-123.0338889
10/15/1986 14:00,pinson,al,us,circle,10,abt. 10 seconds,Redish orange &#44 traveling slowly and quietly&#33,10/31/2003,33.6888889,-86.6833333
10/15/1986 18:00,bellevue (yarrow point),wa,us,disk,10,1/2 hours,The saucer hovered over us&#44 it was huge&#44 orange and silent.,3/19/2009,47.6105556,-122.1994444
10/15/1986 19:00,petaluma,ca,us,disk,1800,30 minutes,Saw darting object in the night sky&#44 move fast&#44 stop&#44 move fast stop. Then it flew  low over my house and I heard the UFO.,7/23/2000,38.2325000,-122.6355556
10/15/1986 19:00,knoxville,tn,us,disk,1500,25 minuites,Object traveld along side my car for a mile a close range.,9/9/2003,35.9605556,-83.9208333
10/15/1986 19:20,ridgecrest,ca,us,disk,1200,20 minutes,Saucer shaped UFO&#44 lights&#44 no sound&#44 20 minute observation,6/10/2003,35.6225000,-117.67
10/15/1986 21:00,fayettville,tn,,diamond,1800,30 mins,a friend and i were riding home one night&#44and comeing through a patch of woods on each side of the road &#44i glanced out the passenger si,8/5/2001,35.152027,-86.570551
10/15/1986 22:00,onyx,ca,us,fireball,4,4 seconds,friend and i were walking home on a dark night. there was a storm building&#44 the cloud were very low. they were touching the mountain to,9/17/2000,35.6902778,-118.2197222
10/17/1986 17:00,eglin afb,fl,,disk,180,3 minutes,My father and I witnessed a  UFO at Eglin AFB.,11/28/2007,30.463558,-86.553338
10/17/1986 18:00,bartlesville,ok,us,other,600,6-10 minutes,On a fall evening&#44 after returning from a scout meeting I witnessed a object perform some extreemly unusual aerial feats&#44 at at least p,5/24/1999,36.7472222,-95.9805556
10/20/1986 19:00,raleigh/garner,nc,,triangle,180,2-3 minutes,Large Triangle object in sky over North Carolina,2/1/2007,35.749436,-78.63156
10/22/1986 22:00,selma,nc,us,light,420,07 minutes,Six aircraft moving at high rates of speed in an acrobatic formation then dissapearing in a star burst,1/28/1999,35.5363889,-78.2847222
10/30/1986 13:30,decatur city,ia,us,triangle,120,2 minutes,static electric shocks felt on the short hairs of my body,2/14/2008,40.7419444,-93.8336111
10/31/1986 03:00,riverdale,ga,us,other,180,3 minutes,Many witnesses to ufo sighting,3/19/2009,33.5725000,-84.4133333
11/1/1986 03:00,stoke-on-trent (uk/england),,gb,light,900,15 min,Whilst working as a security officer about 20 years ago&#44 I saw something&#44 that has left me without any doubts of the exsistance of ufo&#44,10/30/2006,53,-2.183333
11/1/1986 23:45,martinsburg,wv,us,oval,900,15 min.,bottom of a huge aircraft hovering directly over the yard.,10/30/2006,39.4561111,-77.9641667
11/3/1986 20:30,arvada,co,us,sphere,60,less than 1 minute,3 large blue spherical objects spotted in Arvada&#44 Colorado in late 1986,2/1/2007,39.8027778,-105.0869444
11/10/1986 23:55,grass valley (outside of),ca,us,disk,180,2-3 minutes,50-ft saucer with 6 bright white lights shining down outside Grass Valley California,5/12/2009,39.2191667,-121.06
11/15/1986 14:30,girdwood,ak,us,sphere,120,2 minutes ?,25 feet from amber&#44 orange orb [1986]  Alaska.,2/4/2013,60.9425000,-149.1663889
11/15/1986 21:00,savannah,ga,us,light,300,3 to 5 minutes,I saw a &quot;star&quot; that moved about in a very strange&#44 rapid manner the night sky over Savannah&#44 Georgia late in 1986,6/18/2003,32.0833333,-81.1
11/15/1986 23:00,plains,mt,us,other,60,60 sec,Boomerang shaped black body&#44 green lights motionless and silent.  Vanished after I came closer to it.,3/19/2009,47.4602778,-114.8819444
11/21/1986 18:30,north laguna beach,ca,,disk,360,6 min.,Pie pan bottom; disc top craft played with the airspace above Irvine ranch reveiling displacement of matter.,2/1/2007,33.542248,-117.78311
11/23/1986 05:45,new windsor,md,us,triangle,60,a little over a minute,I was hunting with my Dad on a farm near our house.  It was before dawn&#44 and I was sitting by a tree&#44 bored and looking up at the sky.,1/11/2002,39.5419444,-77.1083333
12/1/1986 22:00,ocala,fl,us,rectangle,600,10 minutes,rectangular&#44 transparent&#44 huge object  with points of red lights at each intersection moving slowing and low through the night sky.,2/18/2011,29.1869444,-82.1402778
12/12/1986 20:00,pocahontas,ar,us,light,180,2-3 minutes,What appears to be 2 comets suddenly shoots overhead and turns into red&#44 pulsating lights in a random formation; hovers 2-3 minutes.,5/11/2005,36.2613889,-90.9711111
12/15/1986 20:30,attleboro,ma,us,disk,120,2 minutes,large disc&#44 no more than 80ft above our car&#44 4 witnesses&#44 2 full minute sighting,5/12/2011,41.9444444,-71.2861111
12/24/1986 22:00,ocala,fl,us,triangle,120,two minutes,Approximately 10:00 pm&#44 saw a very large triangular (for lack of better word) shaped object traveling from southwest to northeast.  The,7/1/2002,29.1869444,-82.1402778
12/27/1986 10:30,pittsburgh,pa,us,triangle,900,15 min,It was trianbular in shape. It was in Plum Boro Pennsylvania. Not really a ufo hot spot. I hovered there until we left after 15 minutes,11/26/2003,40.4405556,-79.9961111
12/31/1986 18:00,kaneohe,hi,us,cigar,5,00:05,A large&#44 dark cigar shaped craft w/ lights,3/2/2004,21.4180556,-157.8036111
12/31/1986 21:00,houston,tx,us,formation,20,15-20 seconds,Formation of four star like lights appearing and reappearing.,5/11/2005,29.7630556,-95.3630556
